<?xml version="1.0"?>
<mod name="XPperMinute" global_key="XPperMinute" core_class="XPperMinute.lua" min_lib_ver="3.0">
   
	<Hooks directory="Hooks">
		<hook source_file="lib/managers/experiencemanager" file="experiencemanager.lua"/>
		<!-- <hook source_file="lib/network/base/basenetworksession" file="network.lua"/> -->
		<hook source_file="lib/managers/hudmanager" file="hudmanager.lua"/>
		<hook source_file="lib/managers/statisticsmanager" file="statisticsmanager.lua"/>
		<hook source_file="lib/managers/playermanager" file="playermanager.lua"/>
		<hook source_file="lib/network/base/networkpeer" file="network.lua"/>
	</Hooks>
	
</mod>

